<?xml version="1.0" encoding="UTF-8"?>
<project-private xmlns="http://www.netbeans.org/ns/project-private/1">
    <editor-bookmarks xmlns="http://www.netbeans.org/ns/editor-bookmarks/2" lastBookmarkId="1">
        <file>
            <url>Main.c</url>
            <bookmark id="1">
                <name/>
                <line>103</line>
                <key/>
            </bookmark>
        </file>
    </editor-bookmarks>
    <open-files xmlns="http://www.netbeans.org/ns/projectui-open-files/2">
        <group>
            <file>file:/C:/Users/danie/Desktop/EjerciciosDEP/PL2%20-%20Efectos/ProyectoBase.X/Main.c</file>
            <file>file:/C:/Users/danie/Desktop/EjerciciosDEP/PL2%20-%20Efectos/ProyectoBase.X/Func.c</file>
        </group>
    </open-files>
</project-private>
